Bertine,Duns,2007/07/16
Rees,Izzat,1966/06/06
Alejoa,Lambal,1955/02/08
Gayle,Powton,1983/01/27
Preston,Cheeseman,1963/01/25
Selie,Dimelow,2002/05/07
Margie,Spillett,2014/08/21
Teresa,Rimmer,1986/07/17
Barny,Elphinstone,2002/02/15
Carine,Kryszka,2015/03/01
Elbert,Bessom,1945/12/03
Mallory,Bidewell,1982/03/01
Ilise,Boutellier,1969/07/20
Karilynn,Myton,1988/04/07
Filmore,Ewington,1973/02/14
Sula,Lawlings,1977/11/19
Timothy,Trunkfield,1950/05/09
Hazel,Frances,1927/07/24
Donnell,Boner,1999/12/17
Denys,Winchurch,1955/11/09
Zebadiah,Cumbers,1954/01/28
Hesther,Dytham,1946/09/15
Sharon,Sirrell,1957/07/22
Dalia,Reilinger,1993/03/06
Marc,Scherer,2004/06/05
Eloise,Hatley,2009/05/21
Lorant,Picton,1965/06/24
Ronnie,Gauche,1973/11/18
Lewes,Astles,2004/12/28
Webb,Suatt,2009/07/26
Dorian,Andrus,1932/12/12
Curcio,deNore,2009/10/06
Claudianus,Haysham,2002/09/01
Theodor,Robiou,1970/10/03
Gardner,Bruckent,1990/08/02
Marysa,Tedorenko,2005/04/16
Donna,Renachowski,1968/12/02
Hew,Oswald,1951/05/16
Ruthann,Simond,1958/03/25
Dwight,McClelland,2019/03/22
Clint,Vanyashkin,2015/05/19
Marti,Hansen,1996/05/21
Maryanne,Lynas,1936/04/25
Mikkel,Pennazzi,1989/12/25
Boycey,Silber,1968/08/27
Caz,Churching,1932/09/15
Arabele,Adamkiewicz,1925/09/27
Berti,Watling,1962/05/22
Maurits,Simondson,1965/09/17
Marcelia,Dare,2016/03/29
Dorelia,Hempshall,1971/08/14
Tabor,Haslen,1980/11/17
Budd,Aitchinson,2019/01/26
Reinaldo,Fairbeard,1952/02/20
Pebrook,Shoute,1955/12/14
Cecilio,Boaler,2009/02/07
Inge,Blasl,1937/12/28
Fania,Kelberman,1994/01/23
Hyacinthie,Gooder,2006/06/07
Clarita,Rodolfi,1937/12/20
Tawnya,Wallbridge,1952/09/01
Theressa,Doncaster,1967/07/28
Magda,Sebring,1970/03/12
Luigi,Rispin,1996/12/07
Suzy,Dimond,2020/04/25
Alejandro,Murt,1999/10/11
Robby,Dibdall,2013/02/18
Aloysia,Bettenson,1933/01/29
Jozef,Wyche,1972/11/01
Earle,Ifill,1958/09/28
Ashlan,Boynton,2021/03/05
Moira,Bouldon,1983/05/25
Howard,Dendle,1927/10/18
Allx,Leithgoe,1989/11/25
Farly,Gosselin,1937/07/14
Salmon,Yarker,1951/10/27
Alonso,Olivazzi,1975/11/05
Nathan,Shorey,1958/09/21
Tiebout,Najara,1951/09/15
Dita,Brolly,1972/03/01
Cathleen,Capstack,2022/04/05
Jerry,Debling,1988/01/31
Jase,Yakushkin,2004/06/29
Scarface,Selwin,1962/08/01
Lorettalorna,Learoyde,2005/11/08
Gran,Peres,1941/04/19
Gawain,Peacock,1972/11/02
Inigo,Mudd,2006/09/19
Lynda,Quigley,1992/09/17
Karon,Ramas,1944/02/21
Alexis,Winscomb,2022/02/25
Tory,Pedron,1983/01/25
Jeffry,Hanson,1960/09/08
Richmond,Zecchetti,1923/11/22
Val,Vasiljevic,1988/06/16
Sampson,Kinnie,1960/01/18
Filmore,Younger,1937/08/13
Chris,Fried,2001/11/25
Nefen,Veal,1970/04/27
Poppy,Marre,1993/05/22
Shay,Goede,1953/06/16
Petrina,Clewley,1930/06/10
Marlie,Barrett,1943/02/15
Anna,Lawfull,2019/02/08
Clovis,Stirman,1957/01/17
Zsazsa,Chesswas,1940/01/15
Mariette,Dallander,1988/09/08
Buddie,Poundford,2012/11/11
Jeremie,Hadingham,1968/02/21
Amble,Fick,1925/02/10
Caren,Bazeley,1933/11/26
Taryn,Lambal,1939/07/01
Cleo,Moakson,2000/03/27
Molli,Haggett,1984/09/16
Shawna,Bompass,1923/11/18
Ram,Buggs,1928/01/03
Simon,Zorzin,1929/05/18
Wallis,Cobbing,1950/12/20
Ashlan,Rhodes,2007/02/07
Corena,Betteridge,1993/08/13
Carolee,Hanmer,2009/11/27
Revkah,Janning,1939/07/23
Natal,Ellicombe,2018/02/16
Hilarius,Emberson,1930/12/14
Essie,Booy,1936/10/20
Astrix,Barrim,1932/06/25
Loleta,Breissan,1960/06/29
Bennett,Paumier,1927/05/12
Ebonee,Hammon,2010/02/04
Niko,Shillington,2007/02/05
El,Quirke,1927/09/04
Eldin,Noto,1984/12/02
Fanchette,McCreary,2012/09/24
Tabby,Addekin,1984/05/23
Elga,Umpleby,1940/02/06
Ivette,Castiblanco,1932/05/08
Hamish,Mazzei,1924/01/28
Lee,Ducker,1975/11/01
Modestia,Arnason,1934/03/29
Ennis,Meaders,2023/01/05
Kaitlin,DeAngelis,2007/03/23
Reeva,Reaper,1931/03/10
Kristian,Kissock,2007/06/03
Xavier,Waterson,1949/12/01
Letisha,Pluthero,1922/05/07
Wren,Marshalleck,1944/04/23
Michaeline,Blaasch,1924/10/23
Philippe,Cockrell,2015/03/03
Ezechiel,Baron,2011/04/08
Maryrose,Driutti,1965/09/17
Allsun,Nore,2016/03/28
Darelle,Merritt,1982/10/14
Aubry,Pickhaver,1988/04/18
Ester,Mablestone,1923/11/14
Amelita,Llopis,1974/07/21
Savina,Giannasi,1981/10/08
Joline,Tongue,1960/02/17
Lexie,Gulliman,1923/09/24
Constantino,Juara,1959/02/20
Craggie,Gretton,1936/08/18
Colman,Bacop,1952/11/17
Pennie,Goford,2011/07/12
Kellia,Malling,2018/08/29
Alikee,Boissieux,1997/06/26
Sanford,Klyner,1956/02/24
Cynthie,Scarlin,1968/01/22
Haily,Linnemann,1993/11/02
Lea,Duffer,2013/12/12
Laughton,Bridie,2022/11/18
Demott,Congram,1999/04/07
Dorise,Deegin,1991/08/24
Vonnie,DeGowe,1952/12/27
Hallsy,Urvoy,1962/12/09
Diarmid,Letixier,1941/08/25
Nerte,Abramovicz,2003/02/11
Morty,Escoffier,1994/08/07
Mark,Mazella,2022/11/08
Rosamund,Hoyland,1938/10/28
Godiva,Ahlin,1922/11/04
Dennet,Ackermann,2021/12/23
Flynn,Jeune,1927/09/08
Ardyce,Kroll,2003/08/31
Eldon,Godfroy,1989/11/11
Sascha,Mixon,1980/05/17
Efrem,Bangs,1961/05/24
Kora,Christiensen,1973/05/30
Edlin,Carlaw,1982/09/11
Peyter,Tipens,1976/06/03
Thorny,Frickey,1962/07/26
Welsh,Fearnall,1951/01/02
Justino,Fleay,2000/11/30
Aksel,Folcarelli,1965/06/05
Ricardo,Faldo,1925/09/14
Regan,Hollibone,2015/11/17
Jori,Reveley,1964/03/05
Renato,Buyers,2014/11/01
Sharron,Pillans,1956/03/09
Ike,Juggings,2001/05/14
Margaret,Pelosi,1927/11/06
Babita,Fontes,1958/09/27
Winifred,Rockcliffe,1974/06/23
Juliet,Gumm,1943/07/22
Hoebart,Fere,1927/04/08
Rolf,Yglesia,1944/04/24
Stavro,Struther,2020/02/23
Philomena,Symington,2017/12/15
Miquela,Lyddyard,1956/05/27
Cly,Pendergast,1929/10/18
Hobey,Duncombe,1999/01/31
Lacey,Fabler,1995/09/07
Borg,Abthorpe,1999/09/20
Tiff,Jaher,2022/01/19
Noel,Shewan,1994/09/02
Rebbecca,Hellin,1997/05/07
Alasdair,Catt,1959/01/09
Delphinia,Chatburn,1978/06/27
Jillene,Bisset,1992/11/24
Farrand,Binnell,1973/02/03
Clarice,Dain,1937/03/02
Aurora,Twelvetree,1931/10/17
Vanya,Grgic,1952/10/29
Amelia,Demaid,1989/11/23
Emylee,Runnacles,1940/03/21
Maggee,Albinson,2012/08/12
Wileen,Alsopp,1990/08/20
Augy,Drohane,1990/05/24
Esther,Lackemann,1988/10/29
Cynthea,Tremoille,1956/09/27
Tommie,Dawber,2002/07/06
Kurtis,Hyde,1989/11/12
Kristine,Stare,1995/02/03
Lauree,Karleman,2013/12/14
Dalli,Gartland,1929/05/15
Ardene,Handrek,1933/04/30
Jonathan,Bartrum,1983/09/22
Filippa,Hulkes,2004/03/01
Arlyne,Taaffe,1958/08/26
Eb,McCulley,1952/03/14
Cicily,Clubb,2012/08/06
Leicester,Beningfield,1975/10/05
Nathaniel,Flounders,1954/10/30
Barrie,OLennane,1989/05/24
Giles,Stillman,2022/09/23
Molli,LeStrange,1993/06/04
Benedetto,Adnams,1945/10/17
Lucretia,Farleigh,2010/12/24
Mela,Goudge,1939/07/17
Umeko,Phipp,1924/01/05
Elsie,DeLascy,1938/12/30
Birk,Brewerton,1974/12/09
Jacques,Fripp,1942/04/12
Rianon,Mattek,2018/04/11
Skell,Buckberry,2022/03/14
Cindra,Foister,2003/05/31
Finley,Rollo,1942/12/26
Zena,Norcott,1929/09/28
Arney,Thew,1987/09/28
Emmett,Reace,1945/06/24
Brigg,Volage,1986/02/15
Layney,Vasilyonok,2014/06/09
Bastien,Gandley,2010/05/28
Dolph,Olland,1959/03/03
Diego,Upjohn,1922/09/12
Roslyn,Dumphries,1989/08/08
Kerri,Doy,1957/06/11
Marielle,Sessuns,1926/10/18
Millicent,Driffill,1946/10/07
Catherine,Lambotin,2018/02/09
Henka,Hierro,1994/05/24
Pauly,Tenwick,1960/11/17
Jenifer,Sweedland,2006/07/05
Rufe,Eteen,1987/04/22
Laney,Soldan,1928/02/25
Annissa,Kopf,2001/02/15
Sonja,Bloxland,1938/10/14
Kaila,Busch,1923/02/18
Bran,Beverley,1936/10/19
Lidia,Dibling,1970/10/24
Hadley,Sermin,2020/08/25
Devlen,Minette,1992/06/26
Melania,Ducaen,1964/01/31
Milty,Ellif,1965/09/30
Ker,Feldklein,1971/08/07
Franny,Allport,1953/01/20
Deny,Antyshev,1983/09/28
Marley,Lamperd,1959/08/11
Catlaina,LaWille,2017/09/04
Nathanil,McDonough,1954/04/24
Melosa,MacCourt,1929/03/01
Alysia,Nicholls,1944/03/23
Tanhya,Karolyi,1937/08/10
Neel,Warburton,1930/07/25
Pauli,McKeowon,1993/05/01
Chauncey,Yven,1964/03/14
Eva,Descroix,1934/09/22
Bary,Redmille,2004/01/28
Nehemiah,Saurin,1933/03/18
Tonie,Dillingham,1949/10/03
Brewster,Mackilpatrick,2022/10/04
Brennen,Pepys,1962/01/12
Ramsey,Sackur,2006/11/22
Shoshanna,Fittis,1929/11/30
Jessica,McIan,1959/11/05
Peder,Bredgeland,1959/12/23
Kiley,Falconar,2005/12/24
Candy,Dudson,1946/08/17
Rosina,Chaim,2015/01/29
Caresa,Blasoni,2014/09/19
Kipp,Sheeres,1958/03/13
Marve,Gilburt,2015/01/03
Rayshell,Keitch,2003/10/08
Nathanael,Hindshaw,1990/07/08
Clovis,Moynihan,1924/11/29
Jaquith,Rookes,1945/02/09
Del,Calveley,1924/07/08
Redd,Blant,2006/12/03
Charla,Exter,2009/07/31
Tabb,Edelheit,1966/07/30
Morgen,Dominichetti,1967/10/21
Myrilla,Normanvell,1966/09/24
Hayward,Skase,1970/05/31
Aubine,Seiffert,1991/01/31
Mason,Delbergue,1952/03/15
Laurette,Bradley,1944/08/03
Bride,Froggatt,2022/11/03
Harmony,Glaserman,2002/12/26
Chere,Skade,1953/10/16
Waldemar,Node,1985/10/07
Karole,Warburton,1999/03/07
Lisetta,Duthie,1975/03/18
Dido,MacAdie,1982/05/07
Alida,Leyre,1964/06/26
Clark,Sothern,2012/04/29
Abbott,McDell,1951/06/11
Anetta,Pettengell,1930/05/19
Juieta,Stackbridge,1948/06/04
Roldan,Castanaga,1982/11/16
Chalmers,Wroe,2011/04/12
Devonne,Ram,2004/11/08
Valdemar,Yielding,2002/03/13
Claudetta,Gelly,1932/11/10
Freedman,Halewood,1959/05/06
Samuele,Nend,1981/09/03
Lief,Strainge,1966/01/18
Scarface,Brimble,1980/02/06
Maxine,Stych,1976/02/02
Lammond,Sollom,1935/10/02
Alwyn,Brome,1983/06/02
Allegra,Somerfield,2005/08/08
Burl,McKew,1989/11/22
Hugo,Josephsen,1929/09/25
Tomaso,Jordon,2003/12/25
Tobe,Gai,1937/09/26
Sid,Marquez,1996/05/04
Rufe,Lavallin,1941/10/31
Blake,Dewerson,1971/01/14
Marne,Irdale,1983/08/11
Ellene,Bohden,1922/04/14
Colman,Clemmett,2004/11/11
Bibbie,Treagust,2008/08/11
Aldridge,Daughtrey,1931/06/18
Dulcie,Ritmeier,1929/10/05
Linn,Croson,2022/12/04
Ashli,Guenther,1927/02/12
Saraann,Kingsland,1933/01/22
Clare,Markie,1989/01/01
Trenna,Chrishop,1998/07/26
Harv,Franciotti,1977/02/21
Kurt,Sagg,1953/12/12
Andrea,Nettleship,1938/12/21
Diann,Brendeke,2005/08/29
Mariam,Slograve,1998/03/31
Davita,Lorkings,1945/08/29
Miguela,Lamprecht,2008/06/19
Penny,Orgel,2006/07/17
Haroun,Fellow,1979/12/12
Mona,Croose,1956/05/30
Maitilde,Quince,2002/02/27
Sydney,Haseldine,1941/02/13
Cindra,Rossetti,1929/08/27
Marsiella,Falco,1927/09/16
Wakefield,Durn,2000/04/14
Angelita,Lintall,1958/12/21
Ethel,Elstub,1928/12/15
Jarrod,Kunze,1994/06/17
Arturo,Gemmell,1980/07/26
Skipper,Bratt,1931/03/29
Iormina,Rentoll,1925/02/04
Laetitia,McKevin,1949/05/02
Blanche,Kahn,2008/03/19
Issie,Rabson,1938/04/06
Rafa,Dorney,1936/01/13
Cody,Woodings,1937/11/18
Ara,Caff,1954/10/24
Prince,Lamb,1926/04/16
Gilda,Castlake,2021/11/12
Raimund,Northover,1958/08/22
Agnella,Bartoloma,1925/08/12
Ives,Pattenden,1998/08/08
Kimbell,Pym,1922/04/03
Eyde,Coling,1988/06/16
Dilly,Salmon,2001/06/03
Candis,Sobey,1996/09/27
Alon,Grimwood,2019/12/06
Abra,Josland,1958/03/08
Vincenz,McClurg,1944/04/08
Rani,Crosetto,1947/04/15
Norby,Howard-Gater,2001/09/08
Jerrie,Connechy,1948/09/28
Electra,Pavlik,1985/01/11
Dick,Medlen,1931/10/24
Yovonnda,Clowney,1957/04/20
Fergus,Whitcomb,2022/06/21
Mitchael,Pymar,1955/05/30
Vincents,Wetherby,1983/05/05
Skippie,Bilovus,1967/02/12
Sara,Rome,1971/04/14
Hanan,Dufour,1941/04/07
Rainer,Fould,1925/03/16
Englebert,Boultwood,2012/10/24
Kimbell,Teesdale,1959/11/16
Brittni,Brockman,1950/08/10
Stern,DeStoop,1927/04/08
Moira,Jzhakov,1923/06/25
Toby,Grisenthwaite,1936/02/26
Sully,Mansuer,2002/09/02
Janifer,Eadington,1942/04/06
Hazel,Coolahan,1989/10/15
Jerome,Pimlock,2016/06/09
Rodrique,Crinkley,2014/05/18
Dorothee,Botler,1987/11/23
Faydra,Lefort,2014/05/18
Lionel,OLagen,1971/08/11
Henderson,Slatford,1943/10/28
Betteann,Tilbey,2013/05/15
Burr,Allain,1981/01/25
Claudina,Shadfourth,1938/07/07
Samuele,Lawrence,2010/12/20
Carmelle,Sweatman,1947/04/13
Linn,Goldwater,1940/04/07
Rivi,Manning,1932/02/05
Mirabella,Ivashkov,1961/11/14
Westleigh,Woodley,1945/12/07
Brigg,Everill,1924/06/08
Algernon,Dable,2006/08/24
Maddi,Conahy,1980/12/02
Carmine,Popham,1928/06/19
Derron,Bashford,1955/06/15
Tybi,Posvner,1959/09/03
Wally,Belsher,2014/05/07
Analise,Potes,1955/09/13
Kipp,StLouis,1985/01/29
Fiona,Jeske,1936/10/27
Rosalynd,Gatlin,1925/02/04
Harrietta,Betteriss,1934/04/16
Amalia,Kowal,1989/02/09
Edan,OSherrin,1970/10/16
Shaw,Geater,2008/05/06
Noble,Manes,1962/04/03
Giacinta,Langeren,1975/06/22
Kaia,Antonelli,1931/09/13
Phylis,Preist,1928/06/20
Iris,Stow,2002/06/24
Traver,Welton,1989/10/12
Gonzales,Dargue,1940/05/31
Sherm,Starrs,1972/02/14
Lin,Ludlam,1941/09/21
Drucy,Gailor,1965/07/08
Port,Glassford,1994/09/04
Velma,Kleeborn,2015/04/26
Ingaberg,Venart,2006/06/27
Ana,Spens,1929/07/24
Truda,Grigs,2011/04/27
Rafaellle,Potter,1925/01/31
Xenos,Walentynowicz,1999/01/05
Daryl,Walburn,1969/04/19
Aymer,Bilsford,1965/02/26
Bobbie,Sheringham,1982/04/08
Min,Jerzyk,2001/06/20
Linnie,Brundrett,2019/11/04
Donelle,Sollars,1969/05/27
Eilis,Jordison,2019/11/13
Madella,Beal,1925/05/10
Felic,Bugler,1945/07/14
Mari,Merida,1954/05/09
Binnie,Gerardin,2012/10/15
Catie,Mulder,2022/05/09
Paulo,Chadbourne,2001/06/07
Lea,Brabham,1978/08/31
Ailey,Bezley,2017/09/24
Alysia,Durtnal,2009/03/23
Annice,Cahill,1990/11/18
Sydney,Dargavel,1955/11/29
Duncan,Jorio,1930/04/30
Jocko,Rivitt,2001/10/03
Cherrita,Stockhill,1966/11/17
Budd,Brotherhed,2004/05/30
Dominik,Bellow,2008/06/02
Otho,Lynthal,1996/11/06
Melitta,Northern,1973/06/13
Hanny,Erdes,2009/05/04
Byram,MacTrustram,2008/11/10
Cori,Kershaw,1946/04/10
Martita,Streeting,2003/07/13
Jamesy,Vassel,1947/03/09
Kele,Kolin,2020/11/27
Stephanus,Sharrock,1942/08/17
Abbot,Sapwell,1986/06/26
Sissy,Penhalurick,1965/04/11
Morlee,Quinnelly,1972/11/11
Adolf,Arnowicz,1987/04/27
Elihu,Folks,1992/01/25
Liv,Ranger,1925/04/08
Ivan,Emett,2018/04/05
Diannne,Coupland,1939/06/04
Josselyn,Minithorpe,1968/09/10
Babs,Batchellor,1975/04/10
Temp,Jagielski,1930/09/13
Christa,Fawdrie,1984/10/07
Kaylyn,LeGassick,1942/06/14
Winna,Pidon,1948/03/21
Kevon,Whorton,1996/06/23
Norman,Tuley,2004/03/07
Thomasina,Geldart,2022/04/11
Rowland,Greeveson,1966/08/10
Immanuel,Falla,1980/09/17
Pearla,Buttner,1992/03/05
Sebastian,Tomashov,1996/08/03
Beverlee,Belle,1944/06/13
Brit,Alyukin,1959/11/19
Xavier,Kinastan,2011/06/04
Georg,Karoly,1946/08/08
Elsbeth,Henighan,2005/07/01
Giordano,Stent,1952/05/09
Morton,Lightfoot,1947/08/20
Jeremias,Bome,1967/03/18
Randolph,Guinness,1966/07/08
Major,Dumbrall,1973/10/18
Agnesse,Farden,1946/10/10
Jesse,Kitcat,1954/06/07
Marylee,Dashkovich,2017/12/05
Deerdre,Balas,1954/02/18
Ari,Spykings,2001/07/27
Lydie,Pidler,1975/08/08
Fidole,Wignall,2009/03/01
Dasya,Phifer,1979/01/25
Scott,Eynald,1960/10/15
Brendan,Forkan,1986/04/03
Giffard,Vannucci,1991/10/27
Royall,Hearley,1961/04/24
Wait,Merricks,1931/03/05
Uriah,Laydel,1975/08/15
Cortie,Yerbury,1997/04/11
Emmerich,Puffett,1931/08/22
Cesar,Gotobed,2015/04/18
Cedric,Kleinplac,1978/01/29
Nickola,Brydon,1944/12/28
Bradford,Caldow,1988/08/20
Danell,Furmenger,1987/05/14
Kasey,Reany,1956/03/15
Benedick,Szymonowicz,1990/03/09
Georgianna,Pluthero,1964/05/09
Nevil,Simek,1929/08/16
Catarina,Tuppeny,1951/06/24
Florencia,Slatcher,1981/11/13
Kelsey,Bertolaccini,1927/06/24
Maryann,Radage,2004/11/08
Asher,Bulluck,2019/06/06
Crissy,Bartoli,2022/02/13
Mona,Father,1956/05/17
Elysia,Jakaway,1926/08/01
Colan,Bampkin,1951/05/31
Padget,Adanet,1929/08/04
Margarete,Merrett,1953/10/12
Alexa,Woodhams,1927/05/04
Morris,Fitzmaurice,2019/04/08
Tiertza,Lemmers,1956/02/15
Ethelred,Hanny,1982/12/19
Elisabetta,Barcroft,2002/08/08
Mahala,McKoy,1967/01/27
Thekla,VanDerWalt,1976/10/06
Bartlett,Kuhn,2007/12/19
Judy,Meecher,2021/08/02
Benn,Lettson,1971/06/17
Marthe,Segebrecht,2019/06/07
Hedvige,Chatainier,1970/03/03
Axe,Graveson,1941/09/13
Delinda,Pavek,1971/05/03
Gaylord,Schmidt,1950/07/21
Donal,Robez,1995/01/13
Reena,Delacourt,1928/07/28
Edgard,Dmytryk,2013/03/29
Jessamyn,Blackaller,1977/08/16
Jody,Ledwitch,1996/04/04
Dory,Garrick,1944/03/19
Ulberto,Wharmby,1926/02/02
Laura,Shallo,1928/10/02
Drucie,Dumbare,1983/06/21
Taylor,Arlett,1945/04/03
Carmina,Roly,1975/07/31
Cybil,Kraft,1933/04/24
Clarinda,Izat,1965/04/28
Orazio,Vedyashkin,1934/12/03
Stanton,Bonniface,1948/06/16
Trever,Kubin,1950/05/19
Brady,Mothersdale,1953/06/09
Ardeen,Dunridge,1968/12/17
Arabelle,Dymick,1943/02/25
Renard,Drust,1979/04/14
Jessie,Orteau,1967/09/22
Catha,Leney,1936/09/06
Bartholomew,Doucette,1998/04/08
Edgar,Wonter,1926/11/01
Raimondo,Limbert,2000/05/28
Denyse,Nelm,1942/07/01
Christiane,Bleazard,1995/09/23
Benyamin,Kalewe,1923/01/21
Ivar,Leefe,1968/08/11
Pattie,Fausset,1928/01/05
Markus,Weeke,2006/05/15
Patsy,Janicek,1923/08/22
Donelle,Labbe,2012/11/01
Perrine,Teager,1985/03/29
Farly,Cariss,1989/09/09
Marika,Ketcher,1973/04/02
Kala,Warnock,1939/09/27
Codie,Leonardi,1975/11/19
Haslett,Estevez,1988/05/12
Myrtice,Dullaghan,2002/08/01
Remington,Reyne,2021/05/15
Carlie,Diloway,1997/12/11
Marten,Nevinson,1961/02/28
Catharine,LeGallo,1947/10/30
Elaine,Drakes,1985/11/23
Leela,Roubeix,1942/10/31
Hiram,Forbes,1995/02/16
Melba,Tillett,1927/06/11
Weber,Gregh,1968/07/01
Kelby,Challiss,1979/11/06
Steven,Kopf,1967/06/11
Deirdre,Peddar,1980/11/21
Pierette,Gotthard,1976/08/15
Floyd,Walworth,1937/07/02
Clarey,Juszkiewicz,1926/04/28
Ignacio,Kohnemann,2018/09/03
Anet,Jay,1982/05/06
Sarette,Richens,1927/06/04
Nichole,Poyzer,2013/09/25
Connor,Squires,1933/09/09
Enrique,Lewer,1978/04/24
Berri,Macari,1932/02/09
Nerissa,Ruzicka,1941/02/10
Lenard,Espinoy,1924/06/04
Kahaleel,Olivi,1972/04/28
Galven,Eidler,2005/02/05
Fredrick,Yosevitz,2011/11/20
Livvy,Gery,1945/07/31
Marcellina,Vasilyev,2007/01/01
Thebault,Abbatini,2004/08/31
Roselia,Keaveny,1951/03/06
Larisa,Darracott,1953/07/29
Stern,Littrell,1941/05/29
Henka,Naughton,1944/11/23
Rozelle,Osinin,1922/06/19
Gil,Willcox,1984/09/11
Gery,Androsik,1981/03/05
Ruthe,Caskey,2018/09/15
Gilberta,Costerd,1971/06/30
Ulla,Saye,1951/10/29
Brandy,Kryszkiecicz,2020/02/28
Pen,Caen,1988/05/25
Elly,Lester,1944/08/26
Bridget,Mingus,1981/04/16
Immanuel,Coots,1983/02/07
Theda,Sachno,1970/01/10
Crin,Mew,1932/07/21
Christiana,Weekley,1958/11/29
Jasmina,Whaley,2009/07/21
Revkah,Calderon,2014/10/15
Allix,Toland,1976/04/27
Whit,Anscombe,2000/09/17
Gina,Pentin,1950/12/18
Tilda,McKall,1935/10/05
Ava,Aynold,1969/12/31
Ave,Congreave,1986/08/13
Rodd,Mabb,2007/12/04
Osborne,Gravener,2016/08/10
Robbyn,Dulwitch,1967/03/21
Cherice,Symcock,2009/10/03
Zaria,Braban,1980/11/01
Shayne,Joselin,2013/04/12
Burton,Hamlett,1981/09/14
Oberon,Acom,1957/05/16
Lora,Braybrook,1977/10/30
Kassi,Bastin,1997/09/18
Hollyanne,Standen,2010/04/06
Odette,Caherny,1997/12/14
Luisa,Moorman,1940/02/16
Ernesto,Kingscote,1986/04/17
Shanna,Isaaksohn,1969/02/21
Wolfgang,Ivanusyev,2017/11/25
Audre,Lampard,1949/08/01
Enrique,Darlasson,1951/02/04
Willie,Ivushkin,1989/11/12
Helge,Bembrigg,2001/11/05
Rainer,Kick,1947/06/18
Sacha,Castelijn,1961/10/05
Amaleta,Brennon,2019/05/29
Elladine,Alforde,1934/08/15
Eadie,Philipeaux,1939/01/16
Bellanca,Gerrans,1932/11/17
Demetra,Grizard,1938/04/13
Anallise,Nicklen,1980/07/23
Rosella,Angrove,1937/01/15
Rabi,Darnbrough,2008/10/09
Glenn,Martinovsky,1941/07/22
Tilly,Fillery,1952/11/03
Brew,Hollows,1989/08/16
Dolph,Baptiste,2013/01/02
Shanda,Klementz,1995/01/19
Alwyn,Elies,1933/03/30
Atlanta,Murrish,1972/07/02
Persis,Laite,1999/08/02
Nicholas,Jerzycowski,2023/02/10
Lacie,Buckland,1956/03/25
Brockie,Buterton,1965/06/11
Judye,Relf,1942/12/20
Noella,McDermot,1992/08/26
Isadora,Smeath,1984/07/02
Mylo,Alday,1988/04/01
Felicio,Teas,1938/06/16
Vevay,Vickery,1997/09/01
Darius,Stedson,1933/08/11
Ede,Faussett,1993/11/06
Michal,Roman,1944/11/11
Phaedra,Yeskin,1930/08/13
Sasha,Gammack,1924/08/27
Fields,Stibbs,1972/08/10
Lissa,Lulham,1974/10/10
Cassey,Awton,1982/09/15
Reilly,Skellern,1963/12/14
Nye,Moralas,1988/06/21
Rupert,Verdy,1975/07/30
Doyle,OShavlan,1962/09/10
Shea,Alflat,2007/05/21
Emlen,Letertre,1954/10/28
Ellary,Carbonell,1928/04/20
Feliks,Connichie,1965/09/19
Shelia,Brand-Hardy,1936/11/07
Whitman,Frizell,2012/02/03
Moise,Hallows,1933/11/08
Kissiah,Steet,2014/10/10
Ricoriki,Swinyard,1992/09/13
Lewiss,Beecker,1975/03/18
Dorotea,Eagling,1988/01/27
Armstrong,Danilowicz,1966/12/27
Marcello,Ferrar,1933/10/19
Tabor,Gibke,2021/01/02
Jessie,Pigdon,1965/04/23
Cooper,Peers,1961/06/12
Brigitte,Way,1996/09/01
Urban,Rickards,1930/10/26
Berta,Blankhorn,1945/01/31
Lea,Veasey,2008/02/07
Jules,Goldingay,1980/12/22
Gleda,Sincock,1963/09/17
Friedrick,Castledine,1960/02/17
Evy,Fyall,1992/04/14
Jenifer,OHare,1956/03/07
Nikolos,Bowart,1933/01/07
Caresa,Mechell,1955/01/24
Brook,Burburough,1957/06/02
Adel,Dominiak,1991/04/10
Maxy,Abbs,1950/07/15
Carlee,Bazylets,1973/02/02
Nickola,Oldridge,1966/12/22
Doti,Singyard,2000/09/05
Susette,Beniesh,2005/02/05
Dillie,Logie,1959/08/16
Estevan,Grattan,1950/06/17
Bron,Hornig,1924/05/25
Everard,Lillico,1953/08/13
Audre,Maingot,1972/04/20
Juanita,Collett,1924/05/11
Anetta,Piwall,1971/11/28
Eadith,Spencley,2014/03/25
Sorcha,Penbarthy,1952/01/22
Antonetta,Eton,2006/04/18
Rochester,Himsworth,1943/04/10
Teddy,MacCathay,2012/05/13
Isabeau,Moy,1930/04/10
Frederich,Sambath,1938/12/28
Paulina,Franzonetti,1980/03/27
Angelle,Middler,2013/03/29
Gilly,Jacquet,1957/06/14
Hildagarde,Perrycost,1989/01/11
Jannel,OMeara,1936/05/29
Alleyn,Mougel,2005/01/07
Vinni,Freyne,1994/05/13
Nikoletta,Spurway,1970/03/09
Ilsa,Tunnow,1945/05/03
Delphinia,Fredi,1994/05/14
Jemimah,Hullot,1946/07/07
Wallis,Plumbridge,2013/03/20
Rodolfo,Kalker,1978/03/08
Dorotea,Letson,1996/10/09
Fernandina,Chanson,1956/11/01
Rowen,Bielefeld,2014/10/19
Alden,Yukhtin,1974/08/02
Eustace,Cone,1947/11/09
Ase,Garter,1944/10/26
Yorke,Duffrie,1924/10/10
Marlie,Pougher,2016/12/16
Dominick,Beardmore,1945/08/14
Indira,Lymbourne,1991/03/28
Brit,Fry,1932/05/13
Layton,Klehn,1966/03/05
Agna,Spiby,2015/09/28
Sterne,Sanday,2004/03/22
Sephira,Growy,1951/10/23
Adler,Askham,1947/10/30
Veda,Kerrigan,1928/07/11
Aliza,Franciottoi,2015/07/17
Melba,Pezey,1923/01/14
Francklyn,Fausch,1954/08/29
Hedwiga,Crayke,1959/03/08
Ruth,Flanders,1980/02/17
Blaine,Shardlow,1980/01/24
Alric,Hulcoop,1947/06/08
Ingram,Dyball,1979/06/11
Sharline,Lowdeane,1962/10/06
Spense,Holdey,1942/12/11
Padraig,Aronstein,1999/12/27
Danya,Preuvost,1975/12/29
Chancey,McIlory,1931/09/27
Gabriello,McGaffey,1968/04/19
Brandea,Carnie,1937/10/25
Lief,Verlinden,1922/05/27
Andonis,Imrie,1975/10/25
Reba,Pawlick,1965/12/20
Jerry,Attaway,2021/09/25
Madeline,Kitter,1935/07/21
Gunter,Matovic,1925/07/08
Elsinore,Bard,1940/01/13
Borden,Cotmore,1929/08/14
Orly,Wilkison,2005/04/21
Paton,Gierek,1979/01/14
Rowen,Kenworthy,1943/06/12
Dale,Prin,1953/01/08
Hayward,Sams,2004/09/18
Joey,Camplen,2006/02/22
Devon,Jeste,2009/07/10
Yankee,Barron,1980/12/11
Kamillah,Fourcade,2008/06/22
Heindrick,Beedie,1979/01/24
Westleigh,Heningam,1972/07/02
Amalita,Dawid,1984/09/16
Margi,Fallen,1994/08/29
Helenka,Kitteringham,2018/01/14
Erskine,Gianiello,1955/11/29
Codie,Bech,2010/04/15
Julina,Hammonds,1952/04/04
Ronald,DeAndreis,1929/07/31
Dex,Cowgill,1961/01/22
Frayda,Warburton,1991/05/31
Lindsey,Saben,1935/02/01
Marcello,Coldbathe,1933/05/02
Tatiania,Keitch,1992/01/18
Stearn,Thorns,1951/04/11
Ninnette,Birth,1944/06/08
Zed,DelaZenne,1984/11/05
Micaela,Bastiman,1958/03/19
Jaclyn,Baxendale,1983/05/29
Napoleon,Mavin,1927/01/22
Cyrille,Orrocks,1946/02/03
Moll,Thombleson,1995/03/26
Mackenzie,Over,1956/01/07
Geno,Ambridge,1932/11/03
Indira,Schankel,1984/06/09
Cristian,Ossulton,1922/05/31
Rosabel,Tudor,1926/06/06
Rebecka,Diplock,1927/01/07
Kaitlyn,Spondley,1926/12/08
Marquita,Bette,1923/04/30
Davon,Studders,1953/12/27
Jorey,Winkworth,1979/09/19
Christian,Kohrding,1972/06/10
Griffin,Paramore,1992/12/21
Vance,Bew,1922/07/17
Giraud,Heilds,1943/07/04
Curt,Whitear,1994/03/18
Cordelie,Karpf,1988/12/24
Whitney,Firebrace,2016/05/31
Paulie,Risso,1942/03/16
Cheryl,Spillett,1952/04/01
Kellby,Cabrales,1980/01/12
Godard,Gammett,1922/04/07
Chick,Kaminski,2017/10/09
Garfield,Banfield,1971/08/28
Raphaela,Hamley,1976/01/07
Shannen,Gowthrop,1971/02/24
Bessy,Chidzoy,1953/08/19
Bibi,Glennard,1982/12/29
Orelle,Redmond,2020/02/03
Gawain,Causier,2005/05/31
Maribel,Jenman,2020/06/23
Gertruda,Corneliussen,1959/05/25
Darill,Castelot,1949/12/04
Hill,Moulin,1969/04/18
Kimberley,Emmott,1935/05/25
Susanne,Wallhead,1956/11/11
Demetris,Whitten,2010/03/09
Fairleigh,Lowensohn,1973/10/08
Tracie,Babon,1975/12/01
Towny,Jedraszek,1955/05/28
Barb,Rosbrough,1988/02/17
Harmon,Newband,1981/10/25
Sallyann,Votier,1950/10/20
Kristina,Durdy,1979/06/08
Donalt,Varnam,2014/05/22
Angela,Piddlehinton,1998/12/17
Olenolin,Marran,1940/12/30
Vale,Tissier,1929/11/13
Karalynn,Franies,2005/07/26
Constantina,Wearden,2003/04/16
Frasco,Dy,1969/05/01
Josee,Dobey,2007/08/14
Carey,Blackaller,2006/08/12
Raffarty,Tidmas,1940/11/27
Ryan,Lortz,1959/12/30
Mareah,Ash,2001/10/12
Ingmar,Linke,1986/11/22
Fianna,Epinay,1943/03/03
Almeda,Hirtzmann,1924/07/10
Aubrie,Copestake,2014/01/24
Mara,Haithwaite,1999/06/19
Tootsie,Beedom,2019/05/01
Otes,Tottie,1973/01/06
Brigitte,Hallett,2020/12/10
Bertram,Bradder,1996/07/02
Kettie,Goldspink,1960/02/07
Rica,Mathouse,1943/11/29
Jeffy,Griffitts,1964/01/19
Jan,Keyte,1992/03/15
Damian,Pranger,2010/07/09
Sydelle,Wheelan,1935/08/22
Terry,Goggins,2015/08/19
Lauryn,Dorbin,2003/04/02
Abby,Reeves,1937/09/04
Ferguson,Loosely,1922/05/04
Cecilia,Bowcock,2006/01/25
Karmen,Pagel,1968/02/04
Edgar,Hickford,2010/05/26
Nonie,Sewill,1970/10/04
Debbie,Bru,1990/06/29
Daniel,Virgin,1990/02/09
Stacee,Lant,1976/09/19
Glyn,Douce,1983/03/08
Wood,Billington,2000/06/28
Alica,Simonite,1999/01/03
Melita,OFielly,1961/01/14
Grantham,Hunnisett,1963/02/18
Ari,Gaw,1998/02/27
Coralie,Paulmann,1954/03/02
Dory,Brunke,1968/01/19
Nero,Whisker,1970/10/31
Marrissa,Stillgoe,1953/09/05
Shirlene,Shatliff,2015/12/10
Henrieta,Scranny,1965/03/30
Carlota,Everitt,2010/06/06
Gordie,Bayfield,1936/05/03
Leonid,Cordingley,1954/12/23
Corabel,Bebb,1991/04/24
Vlad,Toquet,1924/10/03
Hilliard,Steedman,1944/12/06
Donna,Strelitz,2017/09/29
Margeaux,Guerin,2022/11/16
Desmund,Moffat,1963/02/01
Darryl,Rainon,1961/03/30
Sherwood,Gosford,2013/10/15
Fernandina,McNaughton,2001/08/30
Robinett,Whatson,2016/09/21
Florry,Cuttle,1941/08/31
Eula,Nourse,1985/09/28
Kele,Buney,1975/09/07
Denna,Tinniswood,1950/12/14
Malynda,Pitkins,1947/09/11
Corinne,Bertelet,2011/09/08
Donal,Gages,2002/10/05
Othilia,Rudham,2007/08/31
Townsend,Bagworth,1923/03/30
Julissa,Warrell,2017/01/15
Verene,Clarage,1937/01/24
Gottfried,Rubi,1975/10/02
Ron,Mundow,1981/03/07
Karim,Darlasson,2016/06/02
Gardener,Kort,1999/04/04
Arty,Crimpe,1943/05/17